{"cameraMode":{"drawMode":0,"name":"Shaded","section":"Shading Mode"},"sceneLighting":true,"audioPlay":false,"sceneViewState":{"m_AlwaysRefresh":false,"showFog":true,"showSkybox":true,"showFlares":true,"showImageEffects":true,"showParticleSystems":true,"showVisualEffectGraphs":true,"m_FxEnabled":true},"in2DMode":false,"pivot":{"x":0.5553174018859863,"y":66.97276306152344,"z":-25.706701278686525},"rotation":{"x":0.5891585946083069,"y":-0.023024389520287515,"z":0.016798628494143487,"w":0.8075194358825684},"size":12.12435531616211,"orthographic":false}